"TickerNo se encontraron coincidencias  (i)","Precio","Vol.","Volumen*Precio","Próxima fecha de beneficios","Cambio a partir del porcentaje de apertura","Cambio %","Rating técnicoStrong Sell","Valoración de medias móvilesStrong Sell","Valoración de los osciladoresVender","Vol relativo","Patrón"
"GFAMSA/ADGRUPO FAMSA SAB DE CV https://s3-symbol-logo.tradingview.com/grupo-famsa-sab-de-cv.svg","0.939MXN","46.521K","43.683K","2022-10-27","−3.20%","−1.88%","Sell","Strong Sell","Neutro","0.41","—"
"CHDRAUI/BDGRUPO COMERCIAL CHEDRAUI SAB DE CV https://s3-symbol-logo.tradingview.com/grupo-comercial-chedraui-sab-de-cv.svg","79.05MXN","1.392M","110.058M","2023-02-28","1.46%","2.38%","Strong Buy","Strong Buy","Neutro","2.35","—"
"VISTA/ADVISTA OIL & GAS SAB DE CV https://s3-symbol-logo.tradingview.com/vista-oil-and-gas.svg","265.00MXN","284","75.26K","2023-02-23","−2.65%","−0.75%","Buy","Strong Buy","Sell","0.14",""
"MRODMARATHON OIL CORPORATION https://s3-symbol-logo.tradingview.com/marathon-oil.svg","601.00MXN","357.812K","215.045M","2022-11-02","−1.14%","2.74%","Buy","Strong Buy","Neutro","0.54",""
"GFINBUR/ODGRUPO FINANCIERO INBURSA SAB DE CV https://s3-symbol-logo.tradingview.com/grupo-financiero-inbursa-sab-de-cv.svg","36.21MXN","616.691K","22.33M","2022-10-27","−3.10%","−2.90%","Buy","Strong Buy","Neutro","0.43","—"
"APADAPA CORPORATION https://s3-symbol-logo.tradingview.com/apa-corporation.svg","930.00MXN","16","14.88K","2022-11-02","3.33%","1.26%","Strong Buy","Strong Buy","Buy","0.00",""
"XOMDEXXON MOBIL CORPORATION https://s3-symbol-logo.tradingview.com/exxon.svg","2152.77MXN","40.124K","86.378M","2022-10-28","0.13%","0.50%","Buy","Strong Buy","Neutro","1.80","—"
"GENTERADGENTERA SAB DE CV https://s3-symbol-logo.tradingview.com/gentera-sab-de-cv.svg","19.86MXN","2.089M","41.494M","2022-10-27","−1.68%","−0.20%","Buy","Strong Buy","Sell","0.40","—"
"FIHO/12DDEUTSCHE BANK MEXICO S.A. REIT https://s3-symbol-logo.tradingview.com/deutsche-bank-mexico-sa.svg","7.90MXN","50.193K","396.525K","2023-02-28","−0.63%","−1.62%","Sell","Strong Sell","Neutro","0.58","—"
"FNOVA/17DBANCO ACTINVER SA REIT https://s3-symbol-logo.tradingview.com/banco-actinver-sa.svg","28.92MXN","1.686K","48.759K","—","0.00%","−0.03%","Sell","Strong Sell","Buy","0.71","—"
"BIMBO/ADGRUPO BIMBO SAB DE CV https://s3-symbol-logo.tradingview.com/grupo-bimbo.svg","75.03MXN","575.669K","43.192M","2022-10-27","0.71%","0.41%","Buy","Strong Buy","Neutro","0.33","—"
"EDUCA/18DBANCO INVEX S.A. REIT https://s3-symbol-logo.tradingview.com/banco-invex-sa.svg","54.00MXN","1.693K","91.422K","—","0.00%","0.00%","Strong Sell","Strong Sell","Neutro","2.52","—"
"OMA/BDGRUPO AEROPORTUARIO DEL CENTRO NORT https://s3-symbol-logo.tradingview.com/grupo-aeroportuario-del-centro-nort.svg","156.27MXN","1.196M","186.928M","2023-02-13","−0.55%","−0.46%","Buy","Strong Buy","Sell","1.41","—"
"ACDARCA CONTINENTAL SAB DE CV https://s3-symbol-logo.tradingview.com/arca-continental-sab-de-cv.svg","156.64MXN","1.805M","282.715M","2023-02-24","0.84%","0.55%","Buy","Strong Buy","Sell","0.86","—"
"AGUADGRUPO ROTOPLAS SAB DE CV https://s3-symbol-logo.tradingview.com/grupo-rotoplas-sab-de-cv.svg","30.10MXN","250.247K","7.532M","2023-02-16","−0.82%","−0.27%","Buy","Strong Buy","Neutro","0.68","—"
"SORIANA/BDORGANIZACION SORIANA SAB DE CV https://s3-symbol-logo.tradingview.com/organizacion-soriana-sab-de-cv.svg","29.69MXN","68.918K","2.046M","2022-10-28","2.38%","−0.20%","Buy","Strong Buy","Neutro","3.01","—"
"AUTLAN/BDCIA MINERA AUTLAN SAB DE CV https://s3-symbol-logo.tradingview.com/cia-minera-autlan-sab-de-cv.svg","15.98MXN","122.02K","1.95M","—","−0.13%","−0.13%","Sell","Sell","Sell","34.40",""
"ALPEK/ADALPEK SAB DE CV https://s3-symbol-logo.tradingview.com/alpek-sab-de-cv.svg","27.56MXN","761.231K","20.98M","2023-02-15","0.44%","0.73%","Strong Buy","Strong Buy","Buy","0.60","—"
"GMXTDGMEXICO TRANSPORTES SAB DE CV https://s3-symbol-logo.tradingview.com/grupo-mexico-sab-de-cv.svg","38.00MXN","10.24K","389.12K","2023-01-25","0.00%","0.00%","Strong Buy","Strong Buy","Buy","0.01",""
"GAP/BDGPO AEROPORTUARIO DEL PACIFICO SAB https://s3-symbol-logo.tradingview.com/gpo-aeroportuario-del-pacifico.svg","296.16MXN","803.275K","237.898M","2023-02-23","0.39%","0.64%","Strong Buy","Strong Buy","Neutro","0.61",""
"VESTADCORPORACION INMOBILIARIA VESTA SAB https://s3-symbol-logo.tradingview.com/corporacion-inmobiliaria-vesta-sab.svg","42.10MXN","2.61M","109.894M","2023-02-16","−4.21%","−4.27%","Buy","Strong Buy","Sell","0.79","—"
"FIBRAMQ/12DCIBANCO SA INSTIT DE BANCA MULTIPLE REIT https://s3-symbol-logo.tradingview.com/cibanco-sa-instit-de-banca-multiple.svg","27.64MXN","928.643K","25.668M","2023-02-23","4.46%","4.98%","Strong Buy","Strong Buy","Neutro","1.03","—"
"ASUR/BDGPO AEROPORTUARIO DEL SURESTE SAB https://s3-symbol-logo.tradingview.com/gpo-aeroportuario-del-sureste.svg","442.89MXN","205.82K","91.156M","2023-02-22","−0.47%","−0.61%","Buy","Strong Buy","Neutro","0.59","—"
"GFNORTE/ODGRUPO FINANCIERO BANORTE https://s3-symbol-logo.tradingview.com/banorte.svg","156.45MXN","8.622M","1.349B","2023-01-26","−2.34%","−2.10%","Buy","Strong Buy","Neutro","0.74","—"
"NEMAK/ADNEMAK SAB DE CV https://s3-symbol-logo.tradingview.com/nemak-sab-de-cv.svg","5.34MXN","2.871M","15.33M","2023-02-15","−0.74%","−0.74%","Buy","Strong Buy","Neutro","0.78","—"
"KOF/UBLDCOCA-COLA FEMSA S.A.B. DE C.V. https://s3-symbol-logo.tradingview.com/coca-cola.svg","123.81MXN","525.487K","65.061M","2023-02-23","−0.47%","−0.67%","Buy","Strong Buy","Sell","0.78",""
"F 			 				FUNO/11DBANCO ACTINVER SA REIT","22.48MXN","1.384M","31.104M","2023-02-23","1.35%","1.40%","Strong Buy","Strong Buy","Buy","0.27","—"
"FINN/13DDEUTSCHE BANK MEXICO S.A. REIT https://s3-symbol-logo.tradingview.com/deutsche-bank-mexico-sa.svg","3.65MXN","37.376K","136.422K","2022-10-27","−1.35%","−0.54%","Buy","Strong Buy","Neutro","2.15",""
"GCARSO/A1DGRUPO CARSO SAB DE CV https://s3-symbol-logo.tradingview.com/grupo-carso-sab-de-cv.svg","78.95MXN","300.455K","23.721M","2023-02-23","2.20%","2.35%","Strong Buy","Strong Buy","Neutro","1.16","—"
"BACHOCO/BDINDUSTRIAS BACHOCO SAB DE CV https://s3-symbol-logo.tradingview.com/industrias-bachoco.svg","81.16MXN","251.268K","20.393M","2023-02-01","−0.45%","−0.29%","Buy","Strong Buy","Neutro","0.38","—"
"LIVEPOL/C-1DEL PUERTO DE LIVERPOOL SAB DE CV https://s3-symbol-logo.tradingview.com/el-puerto-de-liverpool-sab-de-cv.svg","98.07MXN","213.154K","20.904M","2023-02-21","0.58%","1.11%","Buy","Strong Buy","Neutro","0.42","—"
"MCDDMCDONALD'S CORPORATION https://s3-symbol-logo.tradingview.com/mcdonalds.svg","5100.00MXN","4","20.4K","2023-01-26","0.00%","0.00%","Buy","Strong Buy","Neutro","0.03","—"
"FIBRAPL/14DBANCO ACTINVER SA REIT https://s3-symbol-logo.tradingview.com/prologis.svg","51.01MXN","1.405M","71.682M","2023-01-26","1.61%","1.27%","Buy","Buy","Buy","1.46","—"
"KODCOCA-COLA CO https://s3-symbol-logo.tradingview.com/coca-cola.svg","1184.00MXN","8.491K","10.053M","2023-02-09","−0.09%","−0.08%","Neutro","Buy","Neutro","1.86",""
"WALMEXDWALMART DE MÉXICO Y CENTROAMÉRICA https://s3-symbol-logo.tradingview.com/walmart.svg","76.34MXN","11.848M","904.462M","2023-02-15","−0.86%","−0.82%","Buy","Strong Buy","Neutro","0.66","—"
"LACOMER/UBCDLACOMER SAB DE CV https://s3-symbol-logo.tradingview.com/lacomer-sab-de-cv.svg","36.21MXN","1.322M","47.858M","2023-02-22","−2.69%","−2.14%","Sell","Strong Sell","Sell","6.86","—"
"GILDDGILEAD SCIENCES INC https://s3-symbol-logo.tradingview.com/gilead.svg","1415.00MXN","10","14.15K","2022-10-27","0.00%","2.54%","Strong Buy","Strong Buy","Neutro","0.01","—"
"PFEDPFIZER INC https://s3-symbol-logo.tradingview.com/pfizer.svg","911.00MXN","50","45.55K","2022-11-01","0.00%","−0.44%","Neutro","Buy","Sell","0.01","—"
"HERDEZDGRUPO HERDEZ https://s3-symbol-logo.tradingview.com/grupo-herdez-sab-de-cv.svg","38.40MXN","74.981K","2.879M","2023-02-23","5.79%","5.99%","Strong Buy","Strong Buy","Buy","0.15","—"
"CULTIBA/BDORGANIZACION CULTIBA SAB DE CV https://s3-symbol-logo.tradingview.com/organizacion-cultiba-sab-de-cv.svg","10.67MXN","7.191K","76.728K","2022-10-27","−0.19%","−0.65%","Buy","Strong Buy","Neutro","1.56","—"
"F 			 				FSHOP/13DCIBANCO SA INSTIT DE BANCA MULTIPLE REIT","6.40MXN","57.385K","367.264K","2022-10-27","3.06%","0.79%","Strong Buy","Strong Buy","Neutro","3.66","—"
"AMX/LDAMERICA MOVIL SAB DE CV https://s3-symbol-logo.tradingview.com/america-movil.svg","18.23MXN","16.263M","296.466M","2023-02-14","−0.65%","−1.09%","Neutro","Buy","Sell","0.17","—"
"CVSDCVS HEALTH CORPORATION https://s3-symbol-logo.tradingview.com/cvs-health.svg","1790.00MXN","47","84.13K","2022-11-02","−2.90%","−1.49%","Sell","Strong Sell","Neutro","0.15",""
"FMTY/14DBANCO INVEX S.A. REIT https://s3-symbol-logo.tradingview.com/banco-invex-sa.svg","12.18MXN","74.711K","909.98K","—","−0.25%","0.16%","Buy","Buy","Neutro","0.54","—"
"BSMX/BDBANCO SANTANDER MEXICO SA https://s3-symbol-logo.tradingview.com/santander.svg","23.00MXN","8.875K","204.125K","2022-10-27","−0.86%","4.07%","Buy","Strong Buy","Buy","0.42",""
"DANHOS/13DBANCO NACIONAL DE MEXICO S.A. REIT https://s3-symbol-logo.tradingview.com/banco-nacional-de-mexico-sa.svg","24.29MXN","2.904M","70.546M","2023-02-16","0.00%","−0.00%","Buy","Strong Buy","Neutro","14.49",""
"BRKBDBERKSHIRE HATHAWAY INC https://s3-symbol-logo.tradingview.com/berkshire-hathaway.svg","5789.26MXN","38","219.992K","2022-10-31","0.00%","0.68%","Buy","Strong Buy","Neutro","0.08","—"
"PINFRADPROMOTORA Y OPERADORA DE INFRSTRCTR https://s3-symbol-logo.tradingview.com/promotora-y-operadora-de-infrstrctr.svg","144.47MXN","185.396K","26.784M","2023-02-23","0.19%","0.87%","Buy","Strong Buy","Buy","0.31",""
"TERRA/13DCIBANCO SA INSTIT DE BANCA MULTIPLE REIT https://s3-symbol-logo.tradingview.com/cibanco-sa-instit-de-banca-multiple.svg","28.06MXN","618.242K","17.348M","2022-10-27","−0.71%","−0.71%","Buy","Strong Buy","Neutro","0.44","—"
"GRUMA/BDGRUMA SAB DE CV https://s3-symbol-logo.tradingview.com/gruma-sab-de-cv.svg","228.35MXN","241.165K","55.07M","2023-02-22","−0.22%","−0.97%","Neutro","Strong Buy","Sell","0.32","—"
"AAPLDAPPLE INC https://s3-symbol-logo.tradingview.com/apple.svg","2870.00MXN","5.988K","17.186M","2022-10-27","−3.37%","−3.47%","Strong Sell","Strong Sell","Neutro","0.14","—"
"WMTDWALMART INC https://s3-symbol-logo.tradingview.com/walmart.svg","2814.99MXN","54","152.009K","2022-11-15","0.54%","0.54%","Buy","Strong Buy","Buy","0.08",""
"MADMASTERCARD INCORPORATED https://s3-symbol-logo.tradingview.com/mastercard.svg","6372.00MXN","15","95.58K","2023-02-02","0.00%","0.00%","Buy","Buy","Neutro","0.06","—"
"KIMBER/ADKIMBERLY-CLARK DE MEXICO SAB DE CV https://s3-symbol-logo.tradingview.com/kimberly-clark.svg","30.67MXN","2.486M","76.255M","2023-01-19","3.90%","4.07%","Strong Buy","Strong Buy","Neutro","0.43","—"
"UALDUNITED AIRLINES HOLDINGS INC https://s3-symbol-logo.tradingview.com/united-airlines.svg","861.00MXN","272","234.192K","2023-01-17","0.12%","0.94%","Buy","Strong Buy","Neutro","0.00",""
"CUERVODBECLE SAB DE CV https://s3-symbol-logo.tradingview.com/becle.svg","40.04MXN","711.01K","28.469M","2022-10-27","−0.15%","−0.07%","Neutro","Buy","Sell","0.36","—"
"TAL/NDTAL EDUCATION GROUP DR https://s3-symbol-logo.tradingview.com/tal-education.svg","80.20MXN","1.222K","98.004K","2022-10-28","0.87%","0.25%","Sell","Strong Sell","Sell","0.63",""
"WFCDWELLS FARGO & COMPANY https://s3-symbol-logo.tradingview.com/wells-fargo.svg","908.00MXN","936","849.888K","2023-01-18","−1.63%","−0.44%","Buy","Strong Buy","Sell","0.10",""
"VDVISA INC https://s3-symbol-logo.tradingview.com/visa.svg","4045.00MXN","806","3.26M","2023-02-02","0.50%","−0.61%","Buy","Strong Buy","Sell","0.47","—"
"BOLSA/ADBOLSA MEXICANA DE VALORES SAB DE CV https://s3-symbol-logo.tradingview.com/bolsa-mexicana-de-valores-sab-de-cv.svg","35.85MXN","866.099K","31.05M","2023-02-21","−0.55%","−0.17%","Buy","Buy","Neutro","0.60","—"
"TWTRDTWITTER INC https://s3-symbol-logo.tradingview.com/twitter.svg","1068.80MXN","2.576K","2.753M","2022-10-27","−0.11%","0.37%","Buy","Strong Buy","Neutro","0.75","—"
"XDUNITED STATES STEEL CORP https://s3-symbol-logo.tradingview.com/united-states-steel.svg","425.00MXN","13.835K","5.88M","2022-10-27","0.33%","−3.19%","Neutro","Buy","Neutro","4.26",""
"HCITYDHOTELES CITY https://s3-symbol-logo.tradingview.com/hoteles-city-express-sab-de-cv.svg","5.54MXN","1.231M","6.819M","2023-02-15","1.47%","−0.36%","Buy","Strong Buy","Sell","0.80","—"
"AZTECA/CPODTV AZTECA SAB DE CV https://s3-symbol-logo.tradingview.com/tv-azteca-sab-de-cv.svg","0.720MXN","38.166K","27.48K","2022-10-25","1.41%","0.00%","Sell","Sell","Neutro","0.53",""
"QCOMDQUALCOMM INC https://s3-symbol-logo.tradingview.com/qualcomm.svg","2300.01MXN","2.299K","5.288M","2022-11-02","−1.92%","−2.67%","Sell","Strong Sell","Sell","1.68",""
"FCXDFREEPORT-MCMORAN INC https://s3-symbol-logo.tradingview.com/freeport-mcmoran.svg","650.00MXN","41.676K","27.089M","2023-01-26","2.35%","−1.22%","Buy","Strong Buy","Sell","33.33",""
"DALDDELTA AIR LINES INC https://s3-symbol-logo.tradingview.com/delta-air-lines.svg","684.19MXN","40","27.368K","2023-01-12","0.32%","3.04%","Buy","Strong Buy","Neutro","0.03","—"
"ALSEADALSEA https://s3-symbol-logo.tradingview.com/alsea-sab-de-cv.svg","38.20MXN","929.013K","35.488M","2022-10-27","1.06%","1.06%","Buy","Strong Buy","Buy","0.59","—"
"ALFA/ADALFA S.A.B. DE C.V. https://s3-symbol-logo.tradingview.com/alfa.svg","12.85MXN","1.724M","22.153M","2023-02-14","−2.13%","−2.13%","Neutro","Neutro","Sell","0.32","—"
"HOTELDGRUPO HOTELERO SANTA FE SAB DE CV https://s3-symbol-logo.tradingview.com/grupo-hotelero-santa-fe-sab-de-cv.svg","4.01MXN","462","1.853K","2023-02-23","0.00%","−2.20%","Buy","Buy","Neutro","0.01","—"
"GCCDGRUPO CEMENTOS DE CHIHUAHUA https://s3-symbol-logo.tradingview.com/gcc-sab-de-cv.svg","122.44MXN","208.112K","25.481M","2023-02-15","−1.26%","−0.84%","Buy","Strong Buy","Neutro","0.58","—"
"AXPDAMERICAN EXPRESS CO https://s3-symbol-logo.tradingview.com/american-express.svg","2950.00MXN","576","1.699M","2023-01-19","0.00%","0.58%","Buy","Buy","Neutro","0.04","—"
"GOLD/NDBARRICK GOLD CORPORATION https://s3-symbol-logo.tradingview.com/barrick-gold.svg","314.00MXN","1.175K","368.95K","2022-11-03","1.45%","−0.32%","Buy","Buy","Buy","3.41",""
"FPLUS/16DBANCO AZTECA SA (MEXICO) REIT https://s3-symbol-logo.tradingview.com/banco-azteca-sa-mexico.svg","7.40MXN","2.969K","21.971K","—","0.00%","0.00%","Sell","Strong Sell","Neutro","3.01","—"
"LAB/BDGENOMMA LAB INTERNACIONAL SAB https://s3-symbol-logo.tradingview.com/genomma-lab-internacional-sab.svg","15.12MXN","3.295M","49.815M","2023-02-28","7.77%","5.15%","Buy","Buy","Buy","0.83","—"
"FEMSA/UBDDFOMENTO ECONOMICO MEXICANO SAB DE C https://s3-symbol-logo.tradingview.com/femsa.svg","137.31MXN","1.186M","162.832M","2022-10-28","−1.63%","−1.60%","Neutro","Strong Buy","Sell","0.32",""
"QDQUALITAS COMPAÑÍA DE SEGUROS https://s3-symbol-logo.tradingview.com/qualitas-controladora-sab-de-cv.svg","78.16MXN","1.795M","140.321M","2023-01-26","−1.69%","−0.88%","Strong Sell","Strong Sell","Neutro","1.71","—"
"GMEXICO/BDGRUPO MEXICO SAB DE CV https://s3-symbol-logo.tradingview.com/grupo-mexico-sab-de-cv.svg","73.62MXN","5.414M","398.606M","2022-10-27","3.76%","2.75%","Buy","Buy","Neutro","0.67","—"
"SITES1/A-1DOPERADORA DE SITES MEXICANOS SA CV REIT https://s3-symbol-logo.tradingview.com/operadora-de-sites-mexicanos-sa-cv.svg","20.26MXN","524.715K","10.631M","2022-11-30","−0.05%","0.45%","Buy","Buy","Neutro","0.61",""
"GICSA/BDGRUPO GICSA SAB DE CV https://s3-symbol-logo.tradingview.com/grupo-gicsa-sab-de-cv.svg","2.10MXN","4.637K","9.738K","2022-10-27","1.94%","2.44%","Buy","Strong Buy","Buy","0.11",""
"MUDMICRON TECHNOLOGY INC https://s3-symbol-logo.tradingview.com/micron-technology.svg","1043.00MXN","182","189.826K","2022-12-20","−4.31%","−6.37%","Strong Sell","Strong Sell","Neutro","0.09",""
"NOK/NDNOKIA OYJ DR https://s3-symbol-logo.tradingview.com/nokia.svg","88.20MXN","12.021K","1.06M","2023-01-26","5.00%","5.00%","Neutro","Sell","Buy","43.48",""
"SBUXDSTARBUCKS CORP https://s3-symbol-logo.tradingview.com/starbucks.svg","1712.53MXN","61","104.464K","2022-11-03","0.00%","−0.00%","Sell","Strong Sell","Sell","0.08","—"
"BACDBANK OF AMERICA CORPORATION https://s3-symbol-logo.tradingview.com/bank-of-america.svg","710.24MXN","123","87.36K","2023-01-13","−0.39%","−0.12%","Buy","Strong Buy","Sell","0.03","—"
"JPMDJPMORGAN CHASE & CO. https://s3-symbol-logo.tradingview.com/jpmorgan-chase.svg","2477.50MXN","732","1.814M","2023-01-13","−0.88%","0.30%","Buy","Strong Buy","Sell","0.15","—"
"F 			 				FIBRAHD/15DBANCO ACTINVER SA REIT","2.56MXN","1.505K","3.853K","—","0.00%","−1.92%","Neutro","Neutro","Neutro","0.89","—"
"AALDAMERICAN AIRLINES GROUP INC https://s3-symbol-logo.tradingview.com/american-airlines-group.svg","279.00MXN","787","219.573K","2023-01-19","−2.79%","−0.36%","Buy","Buy","Neutro","0.00",""
"MSFTDMICROSOFT CORP. https://s3-symbol-logo.tradingview.com/microsoft.svg","4498.60MXN","7.333K","32.988M","2023-01-24","−2.23%","−2.42%","Sell","Strong Sell","Neutro","0.96","—"
"GEDGENERAL ELECTRIC CO https://s3-symbol-logo.tradingview.com/general-electric.svg","1530.00MXN","1.117K","1.709M","2023-01-24","−0.44%","1.39%","Buy","Strong Buy","Buy","12.77","—"
"PE_OLESDINDUSTRIAS PENOLES S.A.B. DE C.V. https://s3-symbol-logo.tradingview.com/industrias-penoles-sab-de-cv.svg","206.64MXN","129.336K","26.726M","2022-10-28","−3.22%","−3.46%","Neutro","Buy","Sell","0.46","—"
"MEGA/CPODMEGACABLE HOLDINGS SAB DE CV https://s3-symbol-logo.tradingview.com/megacable-sab-de-cv.svg","43.19MXN","303.979K","13.129M","2022-10-27","0.40%","1.15%","Buy","Buy","Buy","0.17","—"
"ELEKTRADGRUPO ELEKTRA https://s3-symbol-logo.tradingview.com/grupo-elektra-sab-de-cv.svg","1036.47MXN","40.349K","41.821M","2023-02-22","−2.31%","−1.78%","Neutro","Neutro","Neutro","0.66","—"
"GMDGENERAL MOTORS CO https://s3-symbol-logo.tradingview.com/general-motors.svg","760.00MXN","111","84.36K","2023-01-31","0.26%","0.26%","Buy","Strong Buy","Neutro","0.08",""
"VITRO/ADVITRO SAB DE CV https://s3-symbol-logo.tradingview.com/vitro-sab-de-cv.svg","16.00MXN","6.35K","101.6K","2022-11-02","−3.03%","−3.03%","Strong Sell","Strong Sell","Sell","1.51",""
"ORBIADORBIA ADVANCE CORP S A B DE CV https://s3-symbol-logo.tradingview.com/orbia-advance-s-a-b-de-cv.svg","34.09MXN","5.866M","199.984M","2023-02-22","−5.85%","−5.88%","Sell","Strong Sell","Sell","2.68",""
"GOOGLDALPHABET INC (GOOGLE) CLASS A https://s3-symbol-logo.tradingview.com/alphabet.svg","1830.00MXN","5.171K","9.463M","2023-01-31","−2.56%","−3.37%","Strong Sell","Strong Sell","Sell","0.33","—"
"TSLADTESLA INC https://s3-symbol-logo.tradingview.com/tesla.svg","4466.00MXN","1.97K","8.798M","2023-01-25","−2.91%","−0.09%","Sell","Strong Sell","Neutro","0.32","—"
"TRAXION/ADGRUPO TRAXION SAB DE CV https://s3-symbol-logo.tradingview.com/grupo-traxion-sab-de-cv.svg","22.70MXN","344.979K","7.831M","2023-03-01","4.61%","3.61%","Buy","Buy","Neutro","0.18",""
"AMZNDAMAZON COM INC https://s3-symbol-logo.tradingview.com/amazon.svg","2202.23MXN","9.513K","20.95M","2022-10-27","−3.41%","−4.57%","Strong Sell","Strong Sell","Neutro","1.05","—"
"CDCITIGROUP INC. https://s3-symbol-logo.tradingview.com/citigroup.svg","902.47MXN","903","814.93K","2023-01-13","−1.04%","−0.47%","Neutro","Neutro","Neutro","0.44","—"
"NCLH/NDNORWEGIAN CRUISE LINE HLDGS LTD https://s3-symbol-logo.tradingview.com/norwegian-cruise-line.svg","318.00MXN","333","105.894K","2022-11-02","0.59%","0.32%","Buy","Strong Buy","Neutro","0.01","—"
"COINDCOINBASE GLOBAL INC https://s3-symbol-logo.tradingview.com/coinbase.svg","1435.00MXN","10","14.35K","2022-11-03","0.00%","−3.69%","Buy","Strong Buy","Neutro","0.02","—"
"DISDTHE WALT DISNEY COMPANY https://s3-symbol-logo.tradingview.com/walt-disney.svg","2086.00MXN","5.545K","11.567M","2022-11-08","−1.46%","−1.00%","Neutro","Buy","Neutro","1.16","—"
"UBERDUBER TECHNOLOGIES INC https://s3-symbol-logo.tradingview.com/uber.svg","558.00MXN","32","17.856K","2022-11-01","0.00%","−0.18%","Neutro","Neutro","Neutro","0.00","—"
"RCLDROYAL CARIBBEAN GROUP https://s3-symbol-logo.tradingview.com/royal-caribbean-cruises.svg","1033.00MXN","33","34.089K","2022-10-28","0.00%","2.28%","Buy","Strong Buy","Neutro","0.00","—"
"NKEDNIKE INC https://s3-symbol-logo.tradingview.com/nike.svg","1818.99MXN","20","36.38K","2022-12-22","−0.00%","−1.30%","Sell","Sell","Neutro","0.01","—"
"INTCDINTEL CORP https://s3-symbol-logo.tradingview.com/intel.svg","525.00MXN","4.346K","2.282M","2022-10-27","−2.98%","−3.67%","Strong Sell","Strong Sell","Neutro","1.94","—"
"CRMDSALESFORCE INC https://s3-symbol-logo.tradingview.com/salesforce.svg","3197.17MXN","42","134.281K","2022-11-29","0.07%","0.32%","Buy","Buy","Neutro","0.07","—"
"NVDADNVIDIA CORP https://s3-symbol-logo.tradingview.com/nvidia.svg","2630.01MXN","993","2.612M","2022-11-16","−2.27%","1.98%","Neutro","Neutro","Buy","0.22","—"
"CEMEX/CPODCEMEX S.A.B. DE C.V. https://s3-symbol-logo.tradingview.com/cemex.svg","7.01MXN","23.547M","165.065M","2022-10-27","−4.88%","−5.65%","Sell","Strong Sell","Neutro","0.88","—"
"METADMETA PLATFORMS INC https://s3-symbol-logo.tradingview.com/meta-platforms.svg","1922.00MXN","38.116K","73.259M","2023-02-01","−3.37%","−25.73%","Strong Sell","Strong Sell","Sell","7.08","—"
"AMDDADVANCED MICRO DEVICES INC https://s3-symbol-logo.tradingview.com/advanced-micro-devices.svg","1175.24MXN","702","825.018K","2022-11-01","−3.40%","−1.88%","Sell","Strong Sell","Neutro","0.15","—"
"TLEVISA/CPODGRUPO TELEVISA SAB https://s3-symbol-logo.tradingview.com/grupo-televisa.svg","20.27MXN","1.803M","36.549M","2022-10-27","−2.74%","−2.74%","Sell","Strong Sell","Neutro","0.63","—"
"NFLXDNETFLIX INC https://s3-symbol-logo.tradingview.com/netflix.svg","5982.00MXN","4.441K","26.566M","2023-01-17","2.78%","0.37%","Buy","Strong Buy","Neutro","0.51","—"
"VOLAR/ADCONTROLADORA VUELA CIA DE AVIACION https://s3-symbol-logo.tradingview.com/controladora-vuela-cia-de-aviacion.svg","16.23MXN","1.634M","26.525M","2023-02-23","−2.17%","−1.40%","Sell","Sell","Neutro","0.93","—"
"HOMEXDDESARROLLADORA HOMEX https://s3-symbol-logo.tradingview.com/desarrolladora-homex-sab-de-cv.svg","0.025MXN","484.195K","12.105K","2022-10-24","−3.85%","−3.85%","Strong Sell","Strong Sell","Neutro","0.31",""
"TCEHY/NDTENCENT HOLDINGS LIMITED DR https://s3-symbol-logo.tradingview.com/tencent.svg","540.00MXN","45.82K","24.743M","2022-11-16","−0.06%","−3.57%","Sell","Strong Sell","Sell","23.78",""
"BNGODBIONANO GENOMICS INC https://s3-symbol-logo.tradingview.com/bionano-genomics.svg","43.00MXN","9.102K","391.386K","2022-11-10","−15.69%","−15.69%","Neutro","Buy","Sell","24.48",""
"MRNADMODERNA INC https://s3-symbol-logo.tradingview.com/moderna.svg","2849.00MXN","928","2.644M","2022-11-03","−1.21%","1.06%","Buy","Buy","Neutro","2.14","—"
"CCL1/NDCARNIVAL CORP https://s3-symbol-logo.tradingview.com/carnival.svg","173.68MXN","720","125.05K","2022-12-21","0.39%","0.06%","Neutro","Neutro","Neutro","0.12",""
"BABA/NDALIBABA GROUP HOLDING LTD DR https://s3-symbol-logo.tradingview.com/alibaba.svg","1315.17MXN","4.001K","5.262M","2022-11-04","0.81%","−3.60%","Sell","Strong Sell","Neutro","0.36",""
"PYPLDPAYPAL HOLDINGS INC https://s3-symbol-logo.tradingview.com/paypal.svg","1735.02MXN","1.765K","3.062M","2022-11-03","−1.45%","−1.91%","Sell","Sell","Neutro","0.35","—"
"AXTEL/CPODAXTEL SAB DE CV https://s3-symbol-logo.tradingview.com/axtel-sab-de-cv.svg","1.45MXN","104.45K","151.453K","2023-02-14","−1.36%","0.00%","Buy","Buy","Buy","0.49","—"
"NKLADNIKOLA CORPORATION https://s3-symbol-logo.tradingview.com/nikolamotor.svg","60.60MXN","523","31.694K","2022-11-03","−1.50%","−4.87%","Sell","Strong Sell","Neutro","0.15","—"
"NIO/NDNIO INC https://s3-symbol-logo.tradingview.com/nio.svg","199.26MXN","66.051K","13.161M","2022-11-08","−6.85%","−7.82%","Strong Sell","Strong Sell","Sell","0.88",""
"SPCEDVIRGIN GALACTIC HLDGS INC https://s3-symbol-logo.tradingview.com/virgin-galactic.svg","90.40MXN","1.516K","137.046K","2022-11-03","−0.66%","1.22%","Sell","Strong Sell","Buy","0.46","—"
"SNAPDSNAP INC https://s3-symbol-logo.tradingview.com/snap.svg","186.98MXN","49","9.162K","2023-02-07","−0.01%","−1.59%","Sell","Strong Sell","Sell","0.01","—"
"BYNDDBEYOND MEAT INC https://s3-symbol-logo.tradingview.com/beyond-meat.svg","292.85MXN","41","12.007K","2022-11-09","0.00%","−1.29%","Sell","Sell","Neutro","0.04","—"
"AEROMEXDGRUPO AEROMEXICO SAB DE CV https://s3-symbol-logo.tradingview.com/grupo-aeromexico.svg","180.00MXN","8.266K","1.488M","2023-02-14","0.00%","−0.03%","Sell","Sell","Sell","1.01",""